Repitition,Time,rho,SNR,n,Optimality Gap,Change Points
0,418.3947899341583,0,6,100,0.5549540981742819,[49]
1,418.88303995132446,0,6,100,0.5535825260871602,[49]
